"","hid","SpeciesName","Abundance"
"1",12,"Rolandra fruticosa","8"
"2",12,"Taenitis blechnoides","6"
"3",12,"Sauropus androgynus","6"
"4",12,"Scleria ciliaris","45"
"5",12,"Dicranopteris linearis","12"
"6",12,"Endospermum diadenum","3"
"7",12,"Macaranga bancana","1"
"8",12,"Asystasia gangetica","12"
"9",12,"Uncaria Cordata","4"
"10",12,"Cyrtococcum patens","232"
"11",12,"Tetracera indica","1"
"12",12,"Melastoma malabathricum","6"
"13",12,"LN: Pulai","2"
"14",12,"Clidemia hirta","76"
"15",12,"Hevea Brasiliensis","7"
"16",12,"Leptaspis urceolata","23"
"17",12,"Lindsaea ensifolia","12"
"18",12,"Rothmannia macrophylla","1"
"19",15,"MS: Mirip Karet","206"
"20",15,"Clidemia hirta","62"
"21",15,"Tumbuhan Paku","30"
"22",15,"Asystasia gangetica","2"
"23",15,"Jengkol ","2"
"24",15,"Lindsaea ensifolia","2"
"25",22,"MS: Mirip Karet","57"
"26",22,"LN: Cabe-cabean","1"
"27",22,"Melastoma malabathricum","35"
"28",22,"Scleria ciliaris","33"
"29",22,"Daun Hati","55"
"30",22,"Clidemia hirta","12"
"31",22,"Asystasia gangetica","20"
"32",22,"Lindsaea ensifolia","2"
"33",22,"Centotheca lappacea","120"
"34",22,"Dicranopteris linearis","3"
"35",22,"Vittaria ensiformis","7"
"36",22,"Paspalum dilatatum","55"
"37",25,"Dicranopteris linearis","76"
"38",25,"Clidemia hirta","231"
"39",25,"Melastoma malabathricum","64"
"40",25,"LN: Paku rambat keriting","164"
"41",25,"Lindsaea ensifolia","6"
"42",25,"Goniophlebium verrucosum","21"
"43",25,"Cyrtococcum patens","81"
"44",25,"Mirip Sellaginela","54"
"45",25,"Axonopus compressus","73"
"46",29,"Melastoma malabathricum","12"
"47",29,"Clidemia hirta","29"
"48",29,"Endospermum diadenum","4"
"49",29,"Scleria ciliaris","35"
"50",29,"Kayu Tutup","2"
"51",29,"Dicranopteris linearis","328"
"52",29,"Uncaria Cordata","6"
"53",29,"Mirip Pulai Pipit","4"
"54",29,"Calopogonium Mucunoides","13"
"55",29,"Mussaenda frondosa","12"
"56",29,"Lindsaea ensifolia","83"
"57",29,"MS: Paku rambat keriting","72"
"58",29,"Sauropus androgynus","3"
"59",34,"Asystasia gangetica","82"
"60",34,"Axonopus compressus","35"
"61",34,"Clidemia hirta","35"
"62",34,"Ageratum conyzoides","2"
"63",34,"LN: Lengkuas","1"
"64",34,"Melastoma malabathricum","18"
"65",34,"Leptaspis urceolata","44"
"66",34,"Dicranopteris linearis","4"
"67",34,"Mirip Daun Salam","1"
"68",34,"Peperomia Pellucida","20"
"69",34,"Mirip Ensospermum","2"
"70",34,"Paspalum dilatatum","51"
"71",34,"Daun Belakang Merah","4"
"72",37,"Lindsaea ensifolia","7"
"73",37,"Mirip Daun Jati","1"
"74",37,"Daun Bergerigi","2"
"75",37,"Dicranopteris linearis","5"
"76",37,"Croton hirtus","1"
"77",37,"helminthostachys","5"
"78",37,"Buah berbulu","2"
"79",37,"Daun Hati","25"
"80",37,"endospermum","1"
"81",37,"Endospermum diadenum","2320"
"82",37,"leptaspis","821"
"83",37,"Melastoma malabathricum","121"
"84",37,"Leptaspis urceolata","6"
"85",37,"Clidemia hirta","341"
"86",39,"Lindsaea ensifolia","11"
"87",39,"Scleria ciliaris","52"
"88",39,"Asystasia gangetica","116"
"89",39,"Clidemia hirta","130"
"90",39,"Phylanthus urinaria","5"
"91",39,"Ageratum conyzoides","56"
"92",39,"Cyrtococcum patens","560"
"93",39,"Stachytarpheta indica","120"
"94",39,"Daun Jarak","17"
"95",39,"Davallia denticulata","11"
"96",39,"LN: Laos- Laosan","1"
"97",39,"similar to daun katu","23"
"98",39,"Leptaspis urceolata","12"
"99",39,"leptaspis","342"
"100",39,"Mimosa pudica","2"
"101",39,"Mangifera indica","15"
"102",39,"Polygala paniculata","21"
"103",40,"Asystasia gangetica","81"
"104",40,"Cyrtococcum patens","12"
"105",40,"Clidemia hirta","26"
"106",40,"Leptaspis urceolata","20"
"107",40,"Melastoma malabathricum","2"
"108",44,"Leptaspis urceolata","5"
"109",44,"Clidemia hirta","130"
"110",44,"Cyrtococcum patens","1242"
"111",44,"daun berbulu","2"
"112",44,"Asystasia gangetica","352"
"113",44,"Leptaspis urceolata","81"
"114",44,"Melastoma malabathricum","60"
"115",44,"Centotheca lappacea","1052"
"116",46,"Mirip Waru","1"
"117",46,"Spermaococe cristata","4"
"118",46,"Jamur Tanah","2"
"119",46,"Rolandra fruticosa","5"
"120",46,"Clidemia hirta","3"
"121",46,"Rhynchospora Colorata","23"
"122",46,"Asystasia gangetica","69"
"123",46,"Phylanthus urinaria","3"
"124",47,"Mangifera indica","7"
"125",47,"Imperata cylindrica","43"
"126",47,"Asystasia gangetica","243"
"127",47,"Jambu bol","1"
"128",47,"Cyrtococcum patens","103"
"129",47,"Mimosa pudica","8"
"130",47,"Lygodium salicifolium","4"
"131",47,"Lindsaea ensifolia","3"
"132",47,"Scoparia Dulcis","2"
"133",47,"Calopogonium Mucunoides","1"
"134",47,"LN: Pulai","2"
"135",47,"Ubi Kayu","6"
"136",47,"Clidemia hirta","35"
"137",47,"Blechnum orientale","7"
"138",54,"Melastoma malabathricum","36"
"139",54,"Daun Hati","655"
"140",54,"Scleria ciliaris","12"
"141",54,"Imperata cylindrica","20"
"142",54,"Polygala paniculata","15"
"143",54,"Ageratum conyzoides","15"
"144",54,"Asystasia gangetica","51"
"145",54,"Mimosa pudica","7"
"146",54,"Paspalum dilatatum","9"
"147",54,"Centotheca lappacea","230"
"148",56,"Clidemia hirta","564"
"149",56,"Sauropus androgynus","6"
"150",56,"Dicranopteris linearis","26"
"151",56,"Scleria ciliaris","8"
"152",56,"Lindsaea ensifolia","12"
"153",56,"Leptaspis urceolata","32"
"154",56,"Ophioglossum Pendulum","3"
"155",56,"Axonopus compressus","24"
"156",56,"Melastoma malabathricum","6"
"157",60,"Leptaspis urceolata","120"
"158",60,"Scleria ciliaris","12"
"159",60,"Asplenium nidus","1"
"160",60,"Daun Hati","500"
"161",60,"Asystasia gangetica","1230"
"162",60,"Davallia denticulata","5"
"163",60,"Clidemia hirta","200"
"164",60,"Axonopus compressus","2300"
"165",63,"Ludwigia octovalvis","4"
"166",63,"Mussaenda frondosa","9"
"167",63,"Cleome Rutidosperma","34"
"168",63,"Polygala paniculata","6"
"169",63,"Lygodium circinatum","3"
"170",63,"Ageratum conyzoides","25"
"171",63,"Axonopus compressus","78"
"172",63,"Clidemia hirta","56"
"173",63,"Phylanthus urinaria","8"
"174",63,"Asystasia gangetica","63"
"175",63,"Melastoma malabathricum","15"
"176",63,"Mimosa pudica","15"
"177",63,"Gerombola hijau","13"
"178",63,"Paspalum dilatatum","14"
"179",63,"Leptaspis urceolata","24"
"180",63,"Calopogonium Mucunoides","8"
"181",63,"Endospermum diadenum","4"
"182",63,"Cyrtococcum patens","89"
"183",70,"Cyrtococcum patens","425"
"184",70,"Asystasia gangetica","181"
"185",70,"Endospermum diadenum","1"
"186",70,"leptspis urceolata","20"
"187",70,"Molinera latifolia","1"
"188",70,"Scleria ciliaris","57"
"189",71,"lumut","3520"
"190",71,"Clidemia hirta","5"
"191",71,"carex rupestris","92"
"192",71,"Asystasia gangetica","85"
"193",71,"Salomonia cantoniensis","18"
"194",71,"tumbuhan paku","33"
"195",71,"Scleria ciliaris","5"
"196",71,"Rolandra fruticosa","26"
"197",71,"Legazpia polygonoides","2520"
"198",71,"Vittaria ensiformis","50"
"199",71,"Melastoma affine","2"
"200",71,"MS: Rumput gajah","260"
"201",74,"Legazpia polygonoides","217"
"202",74,"juncus bufonius","32"
"203",74,"Melastoma malabathricum","32"
"204",74,"Clidemia hirta","73"
"205",74,"Centotheca lappacea","51"
"206",74,"Lindsaea ensifolia","15"
"207",74,"bunga berjarak","81"
"208",74,"Lindernia diffusa","15"
"209",74,"Leptaspis urceolata","12"
"210",74,"Cyrtococcum patens","105"
"211",74,"Dicranopteris linearis","2"
"212",76,"Asystasia gangetica","215"
"213",76,"Clidemia hirta","15"
"214",76,"Lygodium sp.","6"
"215",76,"Melastoma malabathricum","2"
"216",76,"Cyrtococcum patens","853"
"217",76,"daun bergerigi","3"
"218",76,"Daun Hati","3"
"219",76,"Mirip Daun Durian","1"
"220",76,"Daun Sirih","3"
"221",76,"Phylanthus urinaria","3"
"222",76,"endospermum","22"
"223",80,"Batang Daun Bulu","1"
"224",80,"Merremia Umbellata","2"
"225",80,"Melastoma malabathricum","13"
"226",80,"Colopogonium Mucunoides","4"
"227",80,"Goniophlebium verrucosum","6"
"228",80,"Asystasia gangetica","143"
"229",80,"Clidemia hirta","56"
"230",80,"Cyrtococcum patens","136"
"231",80,"Endospermum diadenum","2"
"232",80,"Scleria ciliaris","124"
"233",80,"Axonopus compressus","63"
"234",80,"LN: Pulai","1"
"235",80,"Mirip Karet","1"
"236",80,"Rolandra fruticosa","11"
"237",80,"Sauropus androgynus","3"
"238",83,"Sauropus androgynus","12"
"239",83,"Lindsaea ensifolia","43"
"240",83,"Mikania micrantha","8"
"241",83,"Passiflora Foetida","1"
"242",83,"Clidemia hirta","173"
"243",83,"Asystasia gangetica","78"
"244",83,"Cleome Rutidosperma","113"
"245",83,"Vittaria elongata","49"
"246",83,"Hevea Brasiliensis","5"
"247",83,"Awar awar","1"
"248",83,"Melastoma malabathricum","64"
"249",83,"Lygodium circinatum","14"
"250",83,"Endospermum diadenum","1"
"251",83,"Scleria ciliaris","95"
"252",83,"Leptaspis urceolata","121"
"253",83,"Nephrolepis biserrata","4"
"254",83,"Phylanthus urinaria","5"
"255",83,"Ageratum conyzoides","14"
"256",83,"Mussaenda frondosa","2"
"257",84,"Taenitis blechnoides","33"
"258",84,"Clidemia hirta","69"
"259",84,"Spaghneticola Trilobata","3"
"260",84,"Davallia denticulata","17"
"261",84,"Oxalis barrelieri","32"
"262",84,"Melastoma malabathricum","4"
"263",84,"Lindsaea ensifolia","36"
"264",84,"Cleome Rutidosperma","96"
"265",84,"Leptaspis urceolata","83"
"266",84,"Pityrogramma Calomelanos","23"
"267",84,"Cyrtococcum patens","323"
"268",84,"Pulai","6"
"269",84,"Asystasia gangetica","154"
"270",84,"Lindernia diffusa","138"
"271",84,"Lygodium salicifolium","8"
"272",84,"Peperomia Pellucida","49"
"273",89,"Lygodium circinatum","6"
"274",89,"Lindsaea ensifolia","6"
"275",89,"Clidemia hirta","6"
"276",89,"Asplenium Longissisum","2"
"277",89,"Scleria ciliaris","9"
"278",89,"Lantana camara","2"
"279",89,"Hevea Brasiliensis","12"
"280",89,"Taenitis blechnoides","16"
"281",89,"Melastoma malabathricum","3"
"282",117,"Long Sharp Leaves Tree ","5"
"283",117,"Lindsaea ensifolia","11"
"284",117,"Hevea Brasiliensis","2"
"285",117,"Clidemia hirta","83"
"286",117,"Pikform Blattbaum","4"
"287",117,"Tetracera Indica ","1"
"288",117,"Looks like Mussaenda Frondusa","1"
"289",117,"Dicranopteris linearis","137"
"290",117,"Cyrtococcum patens","339"
"291",117,"Melastoma malabathricum","44"
"292",117,"Long Straight Grass","2"
"293",117,"Looks like Lindsaea Ensifolia","18"
"294",117,"Looks like Ficus","1"
"295",117,"Scleria ciliaris","13"
"296",126,"Clidemia hirta","33"
"297",126,"Dicranopteris linearis","5"
"298",126,"Hevea Brasiliensis","16"
"299",126,"Centotheca lappacea","26"
"300",126,"heart formed leaves","3"
"301",126,"Melastoma malabathricum","7"
"302",126,"Scleria ciliaris","33"
"303",126,"Axonopus Compressus","14"
"304",170,"Bauhinia semibifida","1"
"305",170,"Lasianthus inaequalis","4"
"306",170,"Molinera latifolia","2"
"307",170,"Scleria ciliaris","140"
"308",170,"clibadium surinamense","1"
"309",170,"Taenitis blechnoides","2"
"310",170,"Clidemia hirta","151"
"311",170,"Cyrtococcum patens","53"
"312",170,"Tetracera indica","1"
"313",170,"cuphea cartagenensis","1"
"314",170,"Rothmannia macrophylla","20"
"315",183,"Lindsaea ensifolia","2"
"316",183,"Melastoma malabathricum","10"
"317",183,"Clidemia hirta","51"
"318",183,"Hevea Brasiliensis","2"
"319",183,"Dicranopteris linearis","20"
"320",183,"Cyrtococcum patens","347"
"321",183,"Elaeis guineensis","4"
"322",191,"Pouzolzia Zeylanica","268"
"323",191,"Elaeis guineensis","2"
"324",191,"Solanum Melongena","1"
"325",191,"Clidemia hirta","9"
"326",191,"Axonopus compressus","81"
"327",191,"Leptaspis urceolata","9"
"328",191,"Lindernia diffusa","206"
"329",191,"Centotheca lappacea","5"
"330",191,"Like Lasianthus inaequalis","1"
"331",191,"Asystasia gangetica","28"
"332",246,"LN: Pandan","1"
"333",246,"Lasianthus inaequalis","26"
"334",246,"Centotheca lappacea","12"
"335",246,"Dicranopteris linearis","21"
"336",246,"Melastoma malabathricum","8"
"337",246,"Lindsaea ensifolia","7"
"338",246,"Imperata cylindrica","9"
"339",246,"Cyrtococcum patens","17"
"340",246,"Sauropus androgynus","2"
"341",247,"Molinera latifolia","1"
"342",247,"Mikania micrantha","1"
"343",247,"Clidemia hirta","27"
"344",247,"Daun Jari","1"
"345",247,"Endospermum diadenum","11"
"346",247,"Oxalis barrelieri","3"
"347",247,"Melastoma malabathricum","17"
"348",247,"Cyrtococcum patens","356"
"349",247,"Scleria ciliaris","30"
"350",247,"Rothmannia macrophylla","7"
"351",247,"Leptaspis urceolata","426"
"352",248,"Cyrtococcum patens","1680"
"353",248,"Vittaria elongata","32"
"354",248,"Molinera latifolia","1"
"355",248,"Scleria ciliaris","37"
"356",248,"Melastoma malabathricum","11"
"357",248,"Molinera latifolia","1"
"358",248,"Daun Hijau","1"
"359",248,"Clidemia hirta","32"
"360",248,"Croton hirtus","7"
"361",248,"Daun Katu","2"
"362",249,"Oxalis barrelieri","2"
"363",249,"tanaman Boncel","2"
"364",249,"Centotheca lappacea","32"
"365",249,"Centrosema Pubescens","2"
"366",249,"Passiflora Foetida","2"
"367",249,"Mussaenda frondosa","1"
"368",249,"Clidemia hirta","45"
"369",249,"Ageratum conyzoides","3"
"370",249,"Leptaspis urceolata","12"
"371",249,"Cleome Rutidosperma","21"
"372",249,"Molinera latifolia","3"
"373",249,"Rolandra fruticosa","18"
"374",249,"Asystasia gangetica","13"
"375",249,"Mimosa pudica","2"
"376",249,"Lygodium circinatum","7"
"377",249,"Melastoma malabathricum","6"
"378",249,"Scleria ciliaris","38"
"379",249,"Croton hirtus","2"
"380",251,"Asystasia gangetica","12"
"381",251,"Clidemia hirta","71"
"382",251,"Lindsaea ensifolia","10"
"383",251,"Macaranga bancana","2"
"384",251,"Melastoma malabathricum","34"
"385",251,"Mimosa pudica","3"
"386",251,"Molinera latifolia","8"
"387",251,"Oxalis barrelieri","2"
"388",251,"Scleria ciliaris","49"
"389",251,"Spermaococe cristata","3"
"390",251,"Tetracera indica","2"
"391",251,"Leptaspis urceolata","16"
"392",251,"Endospermum diadenum","1"
"393",251,"Cyrtococcum patens","35"
"394",251,"Pucuk Merah","2"
"395",251,"Batang Merah","6"
"396",251,"Rothmannia macrophylla","1"
"397",255,"Cyrtococcum patens","560"
"398",255,"Lygodium salicifolium","2"
"399",255,"Melastoma malabathricum","3"
"400",255,"Lindsaea diffusa","4"
"401",255,"Clidemia hirta","73"
"402",255,"Oxalis barrelieri","3"
"403",255,"Leptaspis urceolata","75"
"404",255,"Molinera latifolia","1"
"405",255,"Macaranga bancana","3"
"406",255,"Mallotus peltatus","33"
"407",255,"Helminthostachys Zeylanica","5"
"408",255,"Scleria ciliaris","28"
"409",255,"Buah Ungu","18"
"410",255,"Daun Katuk","10"
"411",258,"Helminthotachys Zeylanica","3"
"412",258,"Asystasia gangetica","11"
"413",258,"Centrosema Pubescens","8"
"414",258,"Vittaria ensiformis","205"
"415",258,"Leptaspis urceolata","23"
"416",258,"Daun Salam Hutan","7"
"417",258,"Clidemia hirta","42"
"418",258,"Lindsaea ensifolia","3"
"419",258,"Melastoma malabathricum","6"
"420",258,"Mallotus peltatus","5"
"421",258,"Cyrtococcum patens","5"
"422",325,"Melastoma malabathricum","30"
"423",325,"Acmella Paniculata","15"
"424",325,"Axonopus compressus","35"
"425",325,"Blechnum orientale","14"
"426",325,"Clidemia hirta","331"
"427",325,"Croton hirtus","33"
"428",325,"Lindsaea ensifolia","63"
"429",325,"Helminthostachys Zeylanica","9"
"430",325,"Leptaspis urceolata","110"
"431",325,"Molinera latifolia","53"
"432",325,"Asystasia gangetica","22"
"433",325,"Lasianthus inaequalis","3"
"434",325,"Centotheca lappacea","172"
"435",325,"Ageratum conyzoides","61"
"436",325,"Scleria ciliaris","71"
"437",334,"Goniophlebium verrucosum","339"
"438",334,"Leptaspis urceolata","45"
"439",334,"Adiantum latifolium","15"
"440",334,"Axonopus compressus","73"
"441",334,"Clidemia hirta","35"
"442",334,"Davallia denticulata","164"
"443",334,"Lindsaea ensifolia","83"
"444",334,"Molinera latifolia","12"
"445",334,"Nephrolepis biserrata","72"
"446",334,"Taenitis blechnoides","43"
"447",334,"Vittaria elongata","95"
"448",334,"Drynaria Quercifolia","39"
"449",342,"Selaginella plana","128"
"450",342,"Taenitis blechnoides","14"
"451",342,"Cleome Rutidosperma","142"
"452",342,"Asystasia gangetica","44"
"453",342,"Clidemia hirta","150"
"454",342,"Davallia denticulata","3"
"455",342,"Goniophlebium verrucosum","20"
"456",342,"Lindsaea ensifolia","80"
"457",342,"Melastoma malabathricum","8"
"458",342,"Oxalis barrelieri","36"
"459",342,"Scleria ciliaris","94"
"460",342,"Leptaspis urceolata","64"
"461",342,"Cyrtococcum patens","72"
"462",342,"Cheilocostus Speciosus","3"
"463",346,"Rolandra fruticosa","81"
"464",346,"Stachytarpheta indica","52"
"465",346,"Leptaspis urceolata","1120"
"466",346,"Asystasia gangetica","1560"
"467",346,"Clidemia hirta","80"
"468",346,"Lindsaea ensifolia","17"
"469",346,"Ludwigia octovalvis","170"
"470",346,"Lycopodiella cernua","5"
"471",346,"Lygodium salicifolium","5"
"472",346,"Phylanthus urinaria","21"
"473",346,"Cyrtococcum patens","560"
"474",346,"Lindernia Diffusa","76"
"475",346,"No Name 1","1"
"476",349,"Rolandra fruticosa","6"
"477",349,"Asystasia gangetica","50"
"478",349,"Adiantum latifolium","11"
"479",349,"Cyrtococcum patens","55"
"480",349,"Centrosema Pubescens","2"
"481",349,"Cuphea Carthagenesis","5"
"482",349,"Ophiglossum Pendulum","3"
"483",349,"Ludwigia octovalvis","5"
"484",349,"Davallia denticulata","22"
"485",349,"Leptaspis urceolata","4"
"486",349,"Clidemia hirta","49"
"487",351,"Melastoma malabathricum","17"
"488",351,"Pennisetum Polystachion","19"
"489",351,"Lindsaea diffusa","5"
"490",351,"Davallia denticulata","43"
"491",351,"Lasianthus inaequalis","4"
"492",351,"Imperata cylindrica","24"
"493",351,"Dicranopteris linearis","89"
"494",351,"Leptaspis urceolata","73"
"495",351,"Pityrogramma Calomelanos","21"
"496",351,"Endospermum diadenum","1"
"497",351,"Asystasia gangetica","32"
"498",354,"Stachytarpheta indica","105"
"499",354,"Dicranopteris linearis","13"
"500",354,"Selaginella Plana","720"
"501",354,"Chromolaena odorata","6"
"502",354,"Clidemia hirta","27"
"503",354,"Spermaococe cristata","5"
"504",354,"Centotheca lappacea","12"
"505",354,"Taenitis blechnoides","3"
"506",354,"Leptaspis urceolata","127"
"507",354,"Selaginella intermedia","720"
"508",354,"Lygodium salicifolium","90"
"509",354,"Asystasia gangetica","126"
"510",354,"Daun Kayu Putih","3"
"511",354,"Imperata cylindrica","20"
"512",358,"Selaginella plana","180"
"513",358,"Vittaria elongata","326"
"514",358,"Pouzolzia Zeylanica","26"
"515",358,"Leptaspis urceolata","153"
"516",358,"Ageratum conyzoides","56"
"517",358,"Clidemia hirta","7"
"518",358,"Molinera latifolia","6"
"519",358,"Asplenium nidus","17"
"520",358,"Asystasia gangetica","30"
"521",358,"Blechnum orientale","11"
"522",361,"Oxalis barrelieri","2"
"523",361,"Mimosa pudica","15"
"524",361,"Paspalum dilatatum","79"
"525",361,"Mallotus peltatus","9"
"526",361,"Rhynchospora Colorata","49"
"527",361,"Cyrtococcum patens","97"
"528",361,"Centotheca lappacea","156"
"529",361,"Stachytarpheta indica","4"
"530",361,"Mussaenda frondosa","3"
"531",361,"Asystasia gangetica","93"
"532",361,"Endospermum diadenum","2"
"533",361,"Leptaspis urceolata","53"
"534",361,"Pouzolzia Zeylanica","12"
"535",361,"Melastoma malabathricum","6"
"536",361,"Cleome Rutidosperma","74"
"537",361,"Clidemia hirta","14"
"538",361,"Ageratum conyzoides","3"
"539",361,"Vittaria elongata","212"
"540",361,"Lygodium circinatum","7"
"541",361,"Lygodium salicifolium","3"
"542",362,"Asystasia gangetica","48"
"543",362,"Bauhinia semibifida","17"
"544",362,"Daun Double","16"
"545",362,"Cyrtococcum patens","53"
"546",362,"Pucuk Merah","12"
"547",362,"Blechnum orientale","13"
"548",362,"Clidemia hirta","17"
"549",362,"Lindsaea ensifolia","12"
"550",362,"Lygodium circinatum","8"
"551",362,"Scleria ciliaris","40"
"552",362,"Cheilocostus Soeciosus","3"
"553",363,"Asam Kandis","2"
"554",363,"Rambat 1","15"
"555",363,"Macaranga bancana","12"
"556",363,"Cyrtococcum patens","242"
"557",363,"Mampat","12"
"558",363,"Ixora grandifolia","4"
"559",363,"Lindsaea ensifolia","23"
"560",363,"Lygodium circinatum","12"
"561",363,"Taenitis blechnoides","5"
"562",363,"Clidemia hirta","96"
"563",363,"Molinera latifolia","21"
"564",363,"Lasianthus inaequalis","23"
"565",363,"Scleria ciliaris","78"
"566",363,"Phylanthus urinaria","8"
"567",373,"Scleria ciliaris","7"
"568",373,"Oxalis barrelieri","10"
"569",373,"Lygodium salicifolium","3"
"570",373,"Pouzolzia Zeylanica","16"
"571",373,"Melastoma malabathricum","25"
"572",373,"Helminthostachys Zeylanica","2"
"573",373,"Cyrtococcum patens","181"
"574",373,"Tetracera indica","30"
"575",373,"LN: Lengkuas","12"
"576",373,"Clidemia hirta","73"
"577",373,"Mallotus peltatus","36"
"578",395,"Asystasia gangetica","1"
"579",395,"Elaeis guineensis","6"
"580",395,"Goniophlebium verrucosum","10"
"581",395,"Clidemia hirta","24"
"582",395,"Lindsaea ensifolia","44"
"583",395,"Lygodium circinatum","5"
"584",410,"centrosema pubescens","15"
"585",410,"Axonopus compressus","72"
"586",410,"Lygodium circinatum","17"
"587",410,"Ageratum conyzoides","23"
"588",410,"Like red melasthoma ","5"
"589",410,"acmela paniculata","42"
"590",410,"Paspalum dilatatum","116"
"591",410,"Asystasia gangetica","52"
"592",410,"Panicum repens","25"
"593",410,"Rolandra fruticosa","21"
"594",410,"centhoceca lappacea","62"
"595",410,"Salomonia cantoniensis","3"
"596",410,"Croton hirtus","8"
"597",416,"Centotheca lappacea","15"
"598",416,"Leptaspis urceolata","21"
"599",416,"Acmella Paniculata","15"
"600",416,"Ottochloa nodosa","42"
"601",416,"Rolandra fruticosa","8"
"602",416,"Scleria ciliaris","20"
"603",416,"Daun berpori","4"
"604",416,"Adiantum latifolium","39"
"605",416,"Asystasia gangetica","314"
"606",416,"Davallia denticulata","15"
"607",416,"Lantana camara","4"
"608",416,"MS: daun Gerigi","5"
"609",416,"Phyllanthus urinaria","3"
"610",419,"Pityrogramma calomelanos","1"
"611",419,"paku flower","70"
"612",419,"Acmela Paniculata","83"
"613",419,"Adiantum latifolium","64"
"614",419,"Peperomia Pelucida","4"
"615",419,"Melastoma malabathricum","11"
"616",419,"Cleome Rutidosperma","867"
"617",419,"Hyptis capitata","27"
"618",419,"Oxalis barrelieri","17"
"619",419,"Lygodium salicifolium","4"
"620",419,"Asystasia gangetica","43"
"621",437,"Taenitis blechnoides","12"
"622",437,"Scleria ciliaris","11"
"623",437,"Rambutan Hutan","1"
"624",437,"Clidemia hirta","37"
"625",437,"daun Sirih","3"
"626",437,"Stenochlaena palustris","83"
"627",437,"Mirip Jati","5"
"628",437,"Macaranga Bancana","1"
"629",437,"Bunga Putih","5"
"630",437,"Cyrtococcum patens","80"
"631",449,"Asystasia gangetica","36"
"632",449,"Adiantum latifolium","42"
"633",449,"Axonopus compressus","88"
"634",449,"scoparia dulcis","1"
"635",449,"Lindernia diffusa","2"
"636",449,"Lindsaea ensifolia","54"
"637",449,"Lygodium salicifolium","2"
"638",449,"Clidemia hirta","355"
"639",449,"Centotheca lappacea","3"
"640",449,"Cyrtococcum patens","336"
"641",449,"Melastoma malabathricum","17"
"642",449,"Cuphea Carthagenesis","1"
"643",449,"Tetracera indica","4"
"644",455,"LN: Salung","8"
"645",455,"Lygodium salicifolium","3"
"646",455,"Lygodium sp.","1"
"647",455,"Macaranga bancana","3"
"648",455,"Mallotus peltatus","1"
"649",455,"marantodes pumilum","2"
"650",455,"rattan","1"
"651",455,"Stachytarpheta jamaicensis","22"
"652",455,"Uncaria Cordata","8"
"653",455,"Bauhinia semibifida","4"
"654",455,"cleome rutidosperma","9"
"655",455,"Clidemia hirta","19"
"656",455,"cuphea carthagenensis","1"
"657",455,"Lasianthus inaequalis","9"
"658",455,"LN: Kayu medang","7"
"659",460,"Mikania micrantha","28"
"660",460,"Scleria ciliaris","37"
"661",460,"Lindernia diffusa","293"
"662",460,"Ageratum conyzoides","1"
"663",460,"Lygodium salicifolium","10"
"664",460,"Cyrtococcum patens","313"
"665",460,"Adiantum latifolium","157"
"666",460,"Melastoma malabathricum","120"
"667",460,"Legazpia polygonoides","14"
"668",460,"Asystasia gangetica","20"
"669",460,"Clidemia hirta","15"
"670",460,"Leptaspis urceolata","12"
"671",460,"Centotheca lappacea","53"
"672",460,"centrosema pubescens","171"
"673",467,"Cabang 6","2"
"674",467,"Salomonia cantoniensis","3"
"675",467,"Stachytarpheta indica","3"
"676",467,"Scleria ciliaris","21"
"677",467,"Stachytarpheta jamaicensis","14"
"678",467,"Meremia Umbelata","2"
"679",467,"Lasianthus inaequalis","4"
"680",467,"Rolandra fruticosa","5"
"681",467,"Passiflora Foetida","18"
"682",467,"Leptaspis urceolata","5"
"683",467,"Asystasia gangetica","93"
"684",467,"Axonopus compressus","49"
"685",467,"Lantana camara","21"
"686",467,"Phyllanthus urinaria","3"
"687",467,"Calopogonium Mucunoides","15"
"688",467,"Ottochloa nodosa","73"
"689",467,"Molinera latifolia","4"
"690",471,"Oxalis barrelieri","3"
"691",471,"Davallia denticulata","124"
"692",471,"Lindsaea ensifolia","4"
"693",471,"lygodium cf.circinatum","24"
"694",471,"globba pandula","82"
"695",471,"phyllanthus urinaria","1"
"696",471,"climbing rubber","21"
"697",474,"Asystasia gangetica","315"
"698",474,"Ottochloa nodosa","102"
"699",474,"Adiantum latifolium","49"
"700",474,"Molinera latifolia","4"
"701",474,"Cocoa","2"
"702",474,"Davallia denticulata","8"
"703",474,"Mikania micrantha","4"
"704",474,"Leptaspis urceolata","48"
"705",474,"Mangifera indica","1"
"706",474,"Stenochlaena palustris","24"
"707",474,"Kunyit hutan","2"
"708",474,"Marantodes Pumilum","4"
"709",482,"Clidemia hirta","13"
"710",482,"Scleria ciliaris","21"
"711",482,"Stachytarpheta jamaicensis","3"
"712",482,"Axonopus compressus","72"
"713",482,"Cyrtococcum patens","43"
"714",482,"Cleome Rutidosperma","19"
"715",482,"Taenitis blechnoides","2"
"716",482,"Leptaspis urceolata","12"
"717",482,"Asystasia gangetica","21"
"718",482,"Molinera latifolia","6"
"719",482,"Ottochloa nodosa","106"
"720",482,"Phylanthus urinaria","3"
"721",482,"Lindsaea ensifolia","2"
"722",482,"Macaranga bancana","3"
"723",482,"Ixora grandifolia","5"
"724",482,"Legazpia polygonoides","1053"
"725",482,"Lygodium salicifolium","12"
"726",482,"Pucuk Berbulu","3"
"727",482,"LN: Pandan","8"
"728",482,"Lygodium circinatum","31"
"729",482,"Melastoma malabathricum","9"
"730",488,"Looks Like peperomia pellucida","2"
"731",488,"Hevea Brasiliensis","8"
"732",488,"Salomonia cantoniensis","5"
"733",488,"Looks Like Acmella Paniculata","4"
"734",488,"Melastoma malabathricum","2"
"735",488,"Clidemia hirta","28"
"736",488,"Imperata cylindrica","8"
"737",488,"Lindsaea ensifolia","360"
"738",488,"488_No Name","2"
"739",488,"Lasianthus inaequalis","6"
"740",495,"Adiantum latifolium","2"
"741",495,"Davallia denticulata","8"
"742",495,"Daun Bergerigi","10"
"743",495,"Lindsaea ensifolia","3"
"744",495,"Asystasia gangetica","412"
"745",495,"Rothmannia macrophylla","2"
"746",495,"Taenitis blechnoides","25"
"747",502,"Phyllanthus urinaria","2"
"748",502,"Scleria ciliaris","234"
"749",502,"Macaranga bancana","2"
"750",502,"Mussaenda frondosa","2"
"751",502,"Clidemia hirta","3"
"752",502,"Dicranopteris linearis","34"
"753",502,"LN: Pulai sp. 1","28"
"754",502,"Sirih Sirihan","8"
"755",502,"Daun berpori","2"
"756",502,"Calopogonium Mucunoides","1"
"757",502,"Uncaria Cordata","4"
"758",502,"Artocarpus sp","1"
"759",502,"Molinera latifolia","5"
"760",502,"Mirip Kedondong","2"
"761",502,"Tanaman Hias 1","1"
"762",505,"Croton hirtus","23"
"763",505,"Asystasia gangetica","9"
"764",505,"Davallia denticulata","13"
"765",505,"Lindsaea ensifolia","6"
"766",505,"cleome rutidosperma","14"
"767",505,"Macaranga bancana","12"
"768",505,"Clidemia hirta","68"
"769",505,"like daun katu ","1"
"770",505,"Melastoma malabathricum","2"
"771",505,"Ageratum conyzoides","1"
"772",505,"centhoceca lappacea","176"
"773",505,"Scleria ciliaris","36"
"774",508,"Ixora grandifolia","2"
"775",508,"Molinera latifolia","2"
"776",508,"Clidemia hirta","5"
"777",508,"Dicranopteris linearis","1"
"778",508,"Alstonia scholaris","2"
"779",508,"Asystasia gangetica","2"
"780",508,"Scleria ciliaris","18"
"781",508,"Tetracera indica","3"
"782",508,"centrosema pubescens","4"
"783",508,"pakis hutan","3"
"784",508,"Borreria latifolia","6"
"785",508,"globba pendula","41"
"786",508,"Endospermum diadenum","3"
"787",508,"melastoma malabathricum","3"
"788",519,"LN: Pulai","1"
"789",519,"Ixora grandifolia","2"
"790",519,"Lindsaea ensifolia","4"
"791",519,"Ottochloa nodosa","2034"
"792",519,"Asystasia gangetica","12"
"793",519,"Centotheca lappacea","9"
"794",519,"Taenitis blechnoides","6"
"795",519,"Tetracera indica","2"
"796",519,"Cyrtococcum patens","78"
"797",541,"cleome rutidosperma","1"
"798",541,"Melastoma malabathricum","2"
"799",541,"Melastoma malabathricum","4"
"800",541,"Centotheca lappacea","36"
"801",541,"Lindsaea ensifolia","10"
"802",543,"cleome rutidosperma","34"
"803",543,"Borreria latifolia","64"
"804",543,"Lygodium salicifolium","5"
"805",543,"Cyrtococcum patens","63"
"806",543,"pennisetum polystachion","32"
"807",543,"like goniophlebium ","6"
"808",543,"Macaranga triloba","1"
"809",554,"cleome rutidosperma","1"
"810",554,"lygodium cf.salicifolium","2"
"811",565,"Phylanthus urinaria","9"
"812",565,"Ottochloa nodosa","998"
"813",565,"Axonopus compressus","21"
"814",565,"Bauhinia semibifida","3"
"815",565,"Clidemia hirta","5"
"816",565,"Dicranopteris linearis","22"
"817",565,"Lindsaea ensifolia","15"
"818",565,"Lygodium circinatum","8"
"819",565,"Macaranga bancana","2"
"820",565,"Melastoma malabathricum","9"
"821",565,"Tetracera indica","5"
"822",565,"Cyrtococcum patens","105"
"823",565,"Scleria ciliaris","8"
"824",565,"Stenochlaena palustris","8"
"825",565,"Amplas Kijang","49"
"826",565,"Centrosema Pubesens","3"
"827",565,"Leptaspis urceolata","73"
"828",565,"Calopogonium Mucunoides","4"
"829",565,"Passiflora Foetida","2"
"830",569,"Molinera latifolia","3"
"831",569,"Ottochloa nodosa","2734"
"832",569,"Blechnum orientale","6"
"833",569,"Lindsaea ensifolia","8"
"834",569,"Taenitis blechnoides","10"
"835",569,"Tetracera indica","4"
"836",569,"Calopogonium Mucunoides","25"
"837",569,"Centrosema pubescens","38"
"838",569,"Kunyit kunyitan","10"
"839",569,"Leptaspis urceolata","20"
"840",569,"Endospermum diadenum","2"
"841",575,"Phylanthus urinaria","4"
"842",575,"Mussaenda frondosa","10"
"843",575,"Ottochloa nodosa","718"
"844",575,"Oxalis barrelieri","3"
"845",575,"Lindsaea diffusa","2"
"846",575,"Lindsaea ensifolia","3"
"847",575,"Lygodium circinatum","6"
"848",575,"Macaranga bancana","1"
"849",575,"Lasianthus inaequalis","3"
"850",575,"Centrosema Pubescens","8"
"851",575,"Rolandra fruticosa","6"
"852",575,"Amplas Kijang","32"
"853",575,"Leptaspis urceolata","20"
"854",575,"Rothmannia macrophylla","3"
"855",575,"Endospermum diadenum","2"
"856",579,"Endospermum diadenum","5"
"857",579,"Rolandra fruticosa","16"
"858",579,"Asystasia gangetica","25"
"859",579,"Axonopus compressus","8"
"860",579,"Clidemia hirta","4"
"861",579,"Lindsaea ensifolia","3"
"862",579,"Sirih Sirihan","2"
"863",579,"Mangifera indica","2"
"864",579,"Daun Bergetah","5"
"865",581,"Taenitis blechnoides","17"
"866",581,"Stenochlaena palustris","19"
"867",581,"Bauhinia semibifida","6"
"868",581,"Clidemia hirta","31"
"869",581,"Lindsaea ensifolia","21"
"870",581,"Lygodium salicifolium","8"
"871",581,"Macaranga bancana","2"
"872",581,"Ottochloa nodosa","134"
"873",581,"Phylanthus urinaria","15"
"874",581,"Scleria ciliaris","45"
"875",581,"Sauropus androgynus","4"
"876",581,"Daun Double","3"
"877",581,"Sirih Sirihan","4"
"878",581,"Tetracera indica","3"
"879",581,"Daun gerigi tumpul","4"
"880",581,"Daun Sobek","1"
"881",581,"Leptaspis urceolata","53"
"882",581,"Kunyit Hutan","8"
"883",581,"Mirip Ixora","2"
"884",584,"Melastoma malabathricum","3"
"885",584,"Ottochloa nodosa","84"
"886",584,"Leptaspis urceolata","32"
"887",584,"Axonopus compressus","30"
"888",584,"Clidemia hirta","18"
"889",584,"Lansium parasiticum
","2"
"890",584,"Mallotus peltatus","5"
"891",588,"Cleome Rutidosperma","32"
"892",588,"Clidemia hirta","25"
"893",588,"Axonopus compressus","33"
"894",588,"Phyllanthus urinaria","8"
"895",588,"Dicranopteris linearis","12"
"896",588,"Macaranga bancana","4"
"897",588,"Ottochloa nodosa","73"
"898",588,"Scleria ciliaris","142"
"899",588,"Spermaococe cristata","42"
"900",588,"Leptaspis urceolata","23"
"901",597,"Clidemia hirta","21"
"902",597,"Lygodium salicifolium","8"
"903",597,"Macaranga bancana","3"
"904",597,"Imperata cylindrica","40"
"905",597,"LN: Pandan","4"
"906",597,"Scleria ciliaris","12"
"907",597,"Tulang Daun Merah","5"
"908",597,"Melastoma malabathricum","6"
"909",597,"Ottochloa nodosa","83"
"910",597,"Mangifera indica","2"
"911",610,"Daun Lebar","merambat, tidak bergetah"
"912",611,"Clidemia hirta","67"
"913",611,"Dicranopteris linearis","24"
"914",611,"Adiantum latifolium","32"
"915",611,"Imperata cylindrica","3"
"916",611,"Lindsaea ensifolia","447"
"917",611,"Lygodium circinatum","4"
"918",611,"Elaeis guineensis","3"
"919",611,"Tetracera indica","1"
"920",611,"No Name","11"
"921",611,"Mussaenda frondosa","8"
"922",611,"Scleria ciliaris","1"
"923",611,"Selaginella Plana","41"
"924",629,"Clidemia hirta","189"
"925",629,"Dicranopteris linearis","83"
"926",629,"Elaeis guineensis","1"
"927",629,"Ageratum conyzoides","1"
"928",629,"Blechnum orientale","121"
"929",629,"Lindsaea ensifolia","85"
"930",629,"Melastoma malabathricum","14"
"931",629,"Hevea Brasiliensis","8"
"932",629,"Imperata cylindrica","2"
"933",638,"Spermaococe cristata","3"
"934",638,"Tetracera indica","1"
"935",638,"Axonopus compressus","324"
"936",638,"Clidemia hirta","17"
"937",638,"Lindsaea ensifolia","2"
"938",638,"Lygodium circinatum","2"
"939",638,"Lygodium salicifolium","6"
"940",638,"Melastoma malabathricum","1"
"941",638,"Mikania micrantha","3"
"942",638,"Passiflora Foetida","2"
"943",638,"Cyrtococcum patens","4589"
"944",638,"Sungkai","1"
"945",638,"Endospermum diadenum","3"
"946",638,"Duku","8"
"947",638,"Rothmannia macrophylla","1"
"948",638,"Paku Cemara","6"
"949",638,"Leptaspis urceolata","15"
"950",639,"LN: Lengkuas","2"
"951",639,"Ludwigia octovalvis","4"
"952",639,"Blechnum orientale","12"
"953",639,"Clidemia hirta","34"
"954",639,"Lindsaea ensifolia","3"
"955",639,"Durian","1"
"956",639,"Rambutan","1"
"957",639,"Sirih Sirihan","1"
"958",639,"Lasianthus inaequalis","2"
"959",639,"Lygodium circinatum","4"
"960",639,"Phylanthus urinaria","5"
"961",639,"Scleria ciliaris","3"
"962",639,"Pouzolzia Zeylanica","2"
"963",639,"Paku Cemara","10"
"964",639,"Sugkai","3"
"965",639,"Cyrtococcum patens","15"
"966",639,"Daun Menjari","8"
"967",639,"Leptaspis urceolata","12"
"968",639,"Endospermum diadenum","1"
"969",641,"Blechnum orientale","1"
"970",641,"Daun Kunyit kunyitan","6"
"971",641,"Rothmannia macrophylla","5"
"972",641,"Clidemia hirta","15"
"973",641,"LN: Laos- Laosan","3"
"974",641,"Ludwigia octovalvis","4"
"975",641,"Mussaenda frondosa","2"
"976",641,"Tetracera indica","6"
"977",641,"Sungkai","6"
"978",641,"Paku Cemara","29"
"979",641,"Asplenium Glaucophyllum","2"
"980",641,"Paku Lebar","5"
"981",641,"Cheilocostus Speciosus","3"
"982",641,"Daun Lirik","9"
"983",641,"Endospermum Duodenum","2"
"984",641,"Paku Pipih","3"
"985",641,"Lasianthus inaequalis","2"
"986",641,"Eulophia Spectabilis","2"
"987",649,"Cyrtococcum patens","96"
"988",649,"Leptaspis urceolata","23"
"989",649,"Asystasia gangetica","63"
"990",649,"Blechnum orientale","5"
"991",649,"Chromolaena odorata","4"
"992",649,"Clidemia hirta","85"
"993",649,"Lantana camara","15"
"994",649,"Phyllanthus urinaria","8"
"995",649,"Scleria ciliaris","75"
"996",649,"Paku Cemara","32"
"997",649,"Lindsaea Salicifolium","5"
"998",649,"Mirip Macaranga (love)","4"
"999",649,"Calopogonium Mucunoides","2"
"1000",649,"Rothmannia macrophylla","4"
"1001",649,"Endospermum diadenum","3"
"1002",649,"Uncaria Cordata","1"
"1003",650,"Stenochlaena palustris","63"
"1004",650,"Molinera latifolia","1"
"1005",650,"Scleria ciliaris","3"
"1006",650,"Blechnum orientale","36"
"1007",650,"Clidemia hirta","134"
"1008",650,"Goniophlebium verrucosum","12"
"1009",650,"LN: Laos- Laosan","2"
"1010",650,"Centrosema Pubescens","6"
"1011",650,"Amplas Kijang","15"
"1012",650,"Paku Cemara","15"
"1013",650,"Lasianthus inaequalis","9"
"1014",650,"Calopogonium Mucunoides","8"
"1015",650,"Cyrtococcum patens","124"
"1016",650,"Sauropus androgynus (daun katu)","1"
"1017",658,"Kedobdong","bergetah"
"1018",667,"Hevea Brasiliensis","29"
"1019",667,"Imperata cylindrica","19"
"1020",667,"Adiantum latifolium","4"
"1021",667,"Clidemia hirta","3"
"1022",667,"Dicranopteris linearis","12"
"1023",667,"Looks like cleome rutidosperma","18"
"1024",667,"Uncaria Cordata","11"
"1025",667,"Lindsaea ensifolia","17"
"1026",667,"Macaranga bancana","1"
"1027",667,"Mallotus peltatus","1"
"1028",667,"No Name","1"
"1029",667,"Looks Like Tetracera Indica","28"
"1030",667,"Cyrtococcum patens","23"
"1031",670,"Hevea Brasiliensis","7"
"1032",670,"Lindsaea ensifolia","368"
"1033",670,"Adiantum latifolium","13"
"1034",670,"Clidemia hirta","68"
"1035",670,"Dicranopteris linearis","8"
"1036",670,"Scleria ciliaris","33"
"1037",670,"Endospermum diadenum","3"
"1038",670,"Pouzolzia Zeylanica","13"
"1039",670,"Melastoma malabathricum","52"
"1040",670,"Cyrtococcum patens","2"
"1041",672,"Stenochlaena palustris","70"
"1042",672,"Cyrtococcum patens","50"
"1043",672,"Bunga Merah","124"
"1044",672,"Clidemia hirta","80"
"1045",672,"Dicranopteris linearis","112"
"1046",672,"Lindsaea ensifolia","21"
"1047",672,"LN: Rambutan","1"
"1048",672,"Melastoma malabathricum","12"
"1049",672,"Scleria ciliaris","62"
"1050",672,"Sauropus androgynus","2"
"1051",672,"mirip Lindsaea","70"
"1052",675,"Clidemia hirta","107"
"1053",675,"Hevea Brasiliensis","4"
"1054",675,"Scleria ciliaris","27"
"1055",675,"Cyrtococcum patens","36"
"1056",675,"Lindsaea ensifolia","628"
"1057",675,"Melastoma malabathricum","4"
"1058",675,"No Name","2"
"1059",678,"Melastoma malabathricum","22"
"1060",678,"Mikania micrantha","5"
"1061",678,"Clidemia hirta","60"
"1062",678,"Macaranga bancana","5"
"1063",678,"Daun Bergerigi","11"
"1064",678,"daun jelutung","9"
"1065",678,"Scleria ciliaris","152"
"1066",678,"Stenochlaena palustris","57"
"1067",678,"Taenitis blechnoides","55"
"1068",678,"Leptaspis urceolata","21"
"1069",678,"Kantong Semar","10"
"1070",678,"Colocasia Esculenta","1"
"1071",678,"Sirih Hutan","5"
"1072",678,"Daun Jati","2"
"1073",678,"Bunga Hitam","2"
"1074",678,"Bunga Merah","5"
"1075",678,"Daun Rambutan","3"
"1076",681,"Scleria ciliaris","38"
"1077",681,"Asystasia gangetica","5"
"1078",681,"Mussaenda frondosa","1"
"1079",681,"Ottochloa nodosa","52"
"1080",681,"Dicranopteris linearis","483"
"1081",681,"Melastoma malabathricum","3"
"1082",681,"Lygodium salicifolium","14"
"1083",681,"Stenochlaena palustris","112"
"1084",681,"Axonopus compressus","24"
"1085",681,"Clidemia hirta","43"
"1086",681,"Taenitis blechnoides","5"
"1087",687,"Bauhinia semibifida","6"
"1088",687,"Clidemia hirta","23"
"1089",687,"Dicranopteris linearis","289"
"1090",687,"Lantana camara","1"
"1091",687,"LN: Salung","1"
"1092",687,"Melastoma malabathricum","3"
"1093",687,"Mussaenda frondosa","8"
"1094",687,"Scleria sumatrensis","15"
"1095",687,"Ubi racun/arang","1"
"1096",687,"Rothmannia macrophylla","42"
"1097",687,"Batang Daun Berbulu","1"
"1098",687,"Endospermum diadenum","1"
"1099",687,"Daun Ribu Ribu","1"
"1100",690,"Axonopus compressus","22"
"1101",690,"Clidemia hirta","349"
"1102",690,"Dicranopteris linearis","736"
"1103",690,"Imperata cylindrica","31"
"1104",690,"LN: Kaca Kacang","9"
"1105",690,"LN: Lengkuas","4"
"1106",690,"LN: Plangas","2"
"1107",690,"Melastoma malabathricum","104"
"1108",690,"Scleria ciliaris","22"
"1109",690,"Scleria sumatrensis","46"
"1110",690,"Paku Wayang","8"
"1111",690,"Batang Daun Berbulu","3"
"1112",698,"Adiantum latifolium","284"
"1113",698,"Clidemia hirta","34"
"1114",698,"Hevea Brasiliensis","1"
"1115",698,"Melastoma malabathricum","1"
"1116",698,"Scleria ciliaris","42"
"1117",698,"Taenitis blechnoides","2"
"1118",698,"Pohon Pelagas","12"
"1119",698,"Pohon Seribu","2"
"1120",698,"Medang Peraweh","1"
"1121",698,"Endospermum diadenum","1"
